{"cameraMode":{"drawMode":0,"name":"Shaded","section":"Shading Mode"},"sceneLighting":false,"audioPlay":false,"sceneViewState":{"m_AlwaysRefresh":true,"showFog":true,"showSkybox":false,"showFlares":true,"showImageEffects":true,"showParticleSystems":true,"showVisualEffectGraphs":true,"m_FxEnabled":true},"in2DMode":false,"pivot":{"x":-0.053489089012145999,"y":0.008299998939037323,"z":0.11443889141082764},"rotation":{"x":-0.1841237097978592,"y":0.7056220769882202,"z":-0.19744333624839784,"w":-0.65542072057724},"size":1.617182970046997,"orthographic":false}